,Baseline Cost,Fixed Network Cost,Delta (Fixed - Baseline),Tariff 0%,Tariff 20%,Expected Tariff Cost
2020,1299.2,1323.1,23.899999999999864,,,
2021,1302.5,1316.4,13.900000000000091,,,
2022,1310.0,1299.6,-10.400000000000091,,,
2023,1298.0,1309.3,11.299999999999955,,,
2024,1295.4,1310.2,14.799999999999955,1295.4,1329.6,1312.5
